<annotation>
	<folder>train</folder>
	<filename>PHOTO-2023-08-01-20-56-12.jpg</filename>
	<path>/Users/victorwsliew/Projects/ai/Tensorflow-Object-Detection-API-Train-Model/images/train/PHOTO-2023-08-01-20-56-12.jpg</path>
	<source>
		<database>Unknown</database>
	</source>
	<size>
		<width>750</width>
		<height>1000</height>
		<depth>3</depth>
	</size>
	<segmented>0</segmented>
	<object>
		<name>sku_sss304_hand_spray_set</name>
		<pose>Unspecified</pose>
		<truncated>0</truncated>
		<difficult>0</difficult>
		<bndbox>
			<xmin>62</xmin>
			<ymin>201</ymin>
			<xmax>700</xmax>
			<ymax>978</ymax>
		</bndbox>
	</object>
</annotation>
