<annotation>
	<folder>ai-trackware</folder>
	<filename>PHOTO-2023-08-01-20-56-07 2.jpg</filename>
	<path>PHOTO-2023-08-01-20-56-07 2.jpg</path>
	<source>
		<database>Unknown</database>
	</source>
	<size>
		<width>1000</width>
		<height>750</height>
		<depth>3</depth>
	</size>
	<segmented>0</segmented>
	<object>
		<name>sku_medium_brush</name>
		<pose>Unspecified</pose>
		<truncated>0</truncated>
		<difficult>0</difficult>
		<bndbox>
			<xmin>166</xmin>
			<ymin>191</ymin>
			<xmax>897</xmax>
			<ymax>584</ymax>
		</bndbox>
	</object>
</annotation>
