<annotation>
	<folder>train</folder>
	<filename>PHOTO-2023-08-01-20-56-11.jpg</filename>
	<path>/Users/victorwsliew/Projects/ai/Tensorflow-Object-Detection-API-Train-Model/images/train/PHOTO-2023-08-01-20-56-11.jpg</path>
	<source>
		<database>Unknown</database>
	</source>
	<size>
		<width>1000</width>
		<height>750</height>
		<depth>3</depth>
	</size>
	<segmented>0</segmented>
	<object>
		<name>sku_sss304_hand_spray_set</name>
		<pose>Unspecified</pose>
		<truncated>0</truncated>
		<difficult>0</difficult>
		<bndbox>
			<xmin>146</xmin>
			<ymin>73</ymin>
			<xmax>994</xmax>
			<ymax>667</ymax>
		</bndbox>
	</object>
</annotation>
