filename,width,height,class,xmin,ymin,xmax,ymax
PHOTO-2023-08-01-20-56-07 2.jpg,1000,750,sku_medium_brush,166,191,897,584
PHOTO-2023-08-01-20-56-06 2.jpg,1000,750,sku_small_brush,130,259,995,434
PHOTO-2023-08-01-20-56-06 3.jpg,1000,750,sku_small_brush,121,250,990,447
PHOTO-2023-08-01-20-56-08 2.jpg,1000,750,sku_scrapper,106,250,999,487
PHOTO-2023-08-01-20-56-06.jpg,1000,750,sku_electrical_tape,274,158,776,643
PHOTO-2023-08-01-20-56-07.jpg,1000,750,sku_medium_brush,177,181,933,576
PHOTO-2023-08-01-20-56-05.jpg,1000,750,sku_electrical_tape,444,205,605,605
