<?xml version="1.0" encoding="utf-8"?>
<annotation>
<folder>images</folder>
<filename>55a5324d-IMG_20230815_202440.jpg</filename>
<source>
<database>MyDatabase</database>
<annotation>COCO2017</annotation>
<image>flickr</image>
<flickrid>NULL</flickrid>
<annotator>1</annotator>
</source>
<owner>
<flickrid>NULL</flickrid>
<name>Label Studio</name>
</owner>
<size>
<width>3000</width>
<height>4000</height>
<depth>3</depth>
</size>
<segmented>0</segmented>
<object>
<name>ring_clamp</name>
<pose>Unspecified</pose>
<truncated>0</truncated>
<difficult>0</difficult>
<bndbox>
<xmin>863</xmin>
<ymin>1798</ymin>
<xmax>1951</xmax>
<ymax>2851</ymax>
</bndbox>
</object>
</annotation>
