<?xml version="1.0" encoding="utf-8"?>
<annotation>
<folder>images</folder>
<filename>72dcf22e-IMG_20230815_201535.jpg</filename>
<source>
<database>MyDatabase</database>
<annotation>COCO2017</annotation>
<image>flickr</image>
<flickrid>NULL</flickrid>
<annotator>1</annotator>
</source>
<owner>
<flickrid>NULL</flickrid>
<name>Label Studio</name>
</owner>
<size>
<width>3000</width>
<height>4000</height>
<depth>3</depth>
</size>
<segmented>0</segmented>
<object>
<name>plastic_tee_connector</name>
<pose>Unspecified</pose>
<truncated>0</truncated>
<difficult>0</difficult>
<bndbox>
<xmin>744</xmin>
<ymin>702</ymin>
<xmax>2197</xmax>
<ymax>2384</ymax>
</bndbox>
</object>
</annotation>
