<?xml version="1.0" encoding="utf-8"?>
<annotation>
<folder>images</folder>
<filename>a1c981ef-IMG_20230815_202450.jpg</filename>
<source>
<database>MyDatabase</database>
<annotation>COCO2017</annotation>
<image>flickr</image>
<flickrid>NULL</flickrid>
<annotator>1</annotator>
</source>
<owner>
<flickrid>NULL</flickrid>
<name>Label Studio</name>
</owner>
<size>
<width>3000</width>
<height>4000</height>
<depth>3</depth>
</size>
<segmented>0</segmented>
<object>
<name>ring_clamp</name>
<pose>Unspecified</pose>
<truncated>0</truncated>
<difficult>0</difficult>
<bndbox>
<xmin>877</xmin>
<ymin>1780</ymin>
<xmax>1976</xmax>
<ymax>2823</ymax>
</bndbox>
</object>
</annotation>
